Comment,Designator,Footprint,LCSC
PWR,J7,JST_XH_B4B-XH-A_1x04_P2.50mm_Vertical,
SENSOR2_TX,J6,JST_XH_B2B-XH-A_1x02_P2.50mm_Vertical,
SENSOR1_TX,J5,JST_XH_B2B-XH-A_1x02_P2.50mm_Vertical,
SENSOR2_RX,J4,JST_XH_B3B-XH-A_1x03_P2.50mm_Vertical,
SENSOR1_RX,J3,JST_XH_B3B-XH-A_1x03_P2.50mm_Vertical,
10K,R2,R_Axial_DIN0207_L6.3mm_D2.5mm_P10.16mm_Horizontal,
10K,R1,R_Axial_DIN0207_L6.3mm_D2.5mm_P10.16mm_Horizontal,
DISP,J8,PinHeader_1x05_P2.54mm_Vertical,
Conn_01x12_Female,J2,PinSocket_1x12_P2.54mm_Vertical,
Conn_01x16_Female,J1,PinSocket_1x16_P2.54mm_Vertical,
